{"('0', '2', '0000')": [1.999902398127083, -2.220446049250313e-16, 1.9999999999999996, -2.220446049250313e-16],
 "('0', '2', '0001')": [1.9999995743160026, -2.220448079466558e-16, 1.9999999999999996, -0.9099999999999999],
  "('0', '2', '0010')": [1.9999999999999996, -2.220446049250313e-16, -0.7, -2.220446049250313e-16], 
  "('0', '2', '0011')": [1.9999999996250515, 0, 0, 0], 
  "('0', '2', '0100')": [1.9999999999999996, -0.9975700000000001, 1.9999999999999996, -2.2204460551475793e-16], 
  "('0', '2', '0101')": [1.9999999999999996, 0, 0, 0], "('0', '2', '0110')": [1.9999999999937235, 0, 0, 0],
   "('0', '2', '0111')": [0, 0, 0, 0], "('0', '2', '1000')": [-0.9099999999999999, -0.0002852298788922831, 1.9999999999999996, 0], "('0', '2', '1001')": [0, 0, 0, 0], "('0', '2', '1010')": [0, 0, 0, 0], "('0', '2', '1011')": [0, 0, 0, 0], "('0', '2', '1100')": [-0.7, 0, 0, 0], "('0', '2', '1101')": [0, 0, 0, 0], "('0', '2', '1110')": [0, 0, 0, 0], "('0', '2', '1111')": [0, 0, 0, 0], "('0', '3', '0000')": [1.9999999999999996, -2.220446049250313e-16, -2.220446049250313e-16, 1.9999999999999996], "('0', '3', '0001')": [1.9999999999999996, -2.220446049250313e-16, -0.01594151988780464, 0], "('0', '3', '0010')": [1.9999999999981848, 0, 0, 1.9999999999999996], "('0', '3', '0011')": [0, 0, 0, 0], "('0', '3', '0100')": [1.9999999999999996, -0.9999999996125795, -2.220446049250313e-16, 1.9999999999999996], "('0', '3', '0101')": [1.999999999999949, 0, 0, 0], "('0', '3', '0110')": [1.0, 0, 0, 0], "('0', '3', '0111')": [1.4999999999999998, 0, 0, 0], "('0', '3', '1000')": [-0.7, -0.23485152501590179, -5.651814479563033e-05, 1.9999999999999996], "('0', '3', '1001')": [0, 0, 0, 0], "('0', '3', '1010')": [-0.7, 0, 0, 0], "('0', '3', '1011')": [0, 0, 0, 0], "('0', '3', '1100')": [0, 0, 0, 0], "('0', '3', '1101')": [0, 0, 0, 0], "('0', '3', '1110')": [0, 0, 0, 0], "('0', '3', '1111')": [0, 0, 0, 0], "('0', 'NA', '0000')": [1.9999422408077074, 0, -6.213304720903333e-09, 0], "('0', 'NA', '0001')": [1.9999999999999996, 0, 0, 0], "('0', 'NA', '0010')": [1.9999999999999996, 0, 0, 0], "('0', 'NA', '0011')": [0, 0, 0, 0], "('0', 'NA', '0100')": [1.9999999999999996, -0.9099999999999999, 0, -2.24876234511445e-16], "('0', 'NA', '0101')": [0, 0, 0, 0], "('0', 'NA', '0110')": [0, 0, 0, 0], "('0', 'NA', '0111')": [0, 0, 0, 0], "('0', 'NA', '1000')": [-0.7, 0, 0, 0], "('0', 'NA', '1001')": [0, 0, 0, 0], "('0', 'NA', '1010')": [0, 0, 0, 0], "('0', 'NA', '1011')": [0, 0, 0, 0], "('0', 'NA', '1100')": [0, 0, 0, 0], "('0', 'NA', '1101')": [0, 0, 0, 0], "('0', 'NA', '1110')": [0, 0, 0, 0], "('0', 'NA', '1111')": [0, 0, 0, 0], "('1', '2', '0000')": [-2.220446049250313e-16, 1.9999999999999996, 1.9999999999999996, -2.220446049250313e-16], "('1', '2', '0001')": [-2.220446049250313e-16, 1.9999999999999996, 0, -0.973], "('1', '2', '0010')": [-0.500764564265, 1.9999999999999996, -0.7, 0], "('1', '2', '0011')": [0, 0, 0, 0], "('1', '2', '0100')": [-0.9997813, -0.9099999999999999, 1.9999999999999996, -5.373459000222051e-06], "('1', '2', '0101')": [-0.9099999999999999, -0.7, 0, 0], "('1', '2', '0110')": [0, 0, 0, 0], "('1', '2', '0111')": [0, 0, 0, 0], "('1', '2', '1000')": [-0.999999468559, 1.9999999999999996, 1.9999999999999996, -2.220446049250313e-16], "('1', '2', '1001')": [-0.7, 0, 0, 0], "('1', '2', '1010')": [0, 0, 0, 0], "('1', '2', '1011')": [0, 0, 0, 0], "('1', '2', '1100')": [0, 0, 0, 0], "('1', '2', '1101')": [0, 0, 0, 0], "('1', '2', '1110')": [0, 0, 0, 0], "('1', '2', '1111')": [0, 0, 0, 0], "('1', '3', '0000')": [-2.220446049250313e-16, 1.9999999999969391, -2.220446049250313e-16, 1.9999999999999996], "('1', '3', '0001')": [-0.973, 1.9999999999999996, -2.220446049250313e-16, -0.7], "('1', '3', '0010')": [-0.329324695, 1.9999999999999996, -0.9099999999999999, 0], "('1', '3', '0011')": [-2.220446049250313e-16, 0, 0, -0.7], "('1', '3', '0100')": [-0.9099999999999999, -0.7, -2.220758222712468e-16, 1.9999999999989837], "('1', '3', '0101')": [0, 0, 0, 0], "('1', '3', '0110')": [-0.9099999999999999, -0.7, -0.7, 1.9999999999999996], "('1', '3', '0111')": [0, 0, 0, 0], "('1', '3', '1000')": [-0.999980317, 1.9999999999999996, -2.220446049250313e-16, 1.9999999999869145], "('1', '3', '1001')": [-0.7, 0, 0, 0], "('1', '3', '1010')": [0, 0, 0, 0], "('1', '3', '1011')": [0, 0, 0, 0], "('1', '3', '1100')": [0, 0, 0, 0], "('1', '3', '1101')": [0, 0, 0, 0], "('1', '3', '1110')": [0, 0, 0, 0], "('1', '3', '1111')": [0, 0, 0, 0], "('1', 'NA', '0000')": [-2.220446049250313e-16, 1.9999999999999996, -2.220446049250313e-16, -2.220446049250313e-16], "('1', 'NA', '0001')": [-0.973, 1.9999999999999996, -2.215050365350635e-16, 0], "('1', 'NA', '0010')": [0, 0, 0, 0], "('1', 'NA', '0011')": [0, 0, 0, 0], "('1', 'NA', '0100')": [-0.9099999999999999, -0.7, 0, 0], "('1', 'NA', '0101')": [0, 0, 0, 0], "('1', 'NA', '0110')": [0, 0, 0, 0], "('1', 'NA', '0111')": [0, 0, 0, 0], "('1', 'NA', '1000')": [-0.973, 1.9999999999999996, 0, 0], "('1', 'NA', '1001')": [0, 0, 0, 0], "('1', 'NA', '1010')": [-0.7, 0, 0, 0], "('1', 'NA', '1011')": [0, 0, 0, 0], "('1', 'NA', '1100')": [0, 0, 0, 0], "('1', 'NA', '1101')": [0, 0, 0, 0], "('1', 'NA', '1110')": [0, 0, 0, 0], "('1', 'NA', '1111')": [0, 0, 0, 0], "('NA', '2', '0000')": [-2.220446049250313e-16, -2.220446049250313e-16, 1.999804796254166, -2.220446049250313e-16], "('NA', '2', '0001')": [-2.220446049250313e-16, -5.533337674026785e-15, 1.9999999999999996, -0.999271], "('NA', '2', '0010')": [-2.2204421157967502e-16, 0, 0, 0], "('NA', '2', '0011')": [0, 0, 0, 0], "('NA', '2', '0100')": [-0.08190000000000022, -0.9919, 1.9999999999999996, -0.999999468559], "('NA', '2', '0101')": [-0.973, -0.7, 1.9999999999999996, 0], "('NA', '2', '0110')": [0, 0, 0, 0], "('NA', '2', '0111')": [0, 0, 0, 0], "('NA', '2', '1000')": [0, -1.0250370473926667e-12, 1.9999999999999996, 0], "('NA', '2', '1001')": [0, 0, 0, 0], "('NA', '2', '1010')": [0, 0, 0, 0], "('NA', '2', '1011')": [0, 0, 0, 0], "('NA', '2', '1100')": [0, 0, 0, 0], "('NA', '2', '1101')": [0, 0, 0, 0], "('NA', '2', '1110')": [0, 0, 0, 0], "('NA', '2', '1111')": [0, 0, 0, 0], "('NA', '3', '0000')": [-2.220446049250313e-16, -2.220446049250313e-16, -2.220446049250313e-16, 1.999999999678754], "('NA', '3', '0001')": [-0.31414890849999993, -2.3586332743029805e-07, -0.9100009172462726, -0.7], "('NA', '3', '0010')": [-1.1916775941109576e-10, -2.220446049250313e-16, -0.9997813, 1.9999999999999996], "('NA', '3', '0011')": [0, 0, 0, 0], "('NA', '3', '0100')": [-0.973, -0.7, -0.9997813, 1.9999999999999996], "('NA', '3', '0101')": [0, 0, 0, 0], "('NA', '3', '0110')": [-2.220446049250313e-16, -0.7, 0, 0], "('NA', '3', '0111')": [0, 0, 0, 0], "('NA', '3', '1000')": [-0.7, -0.29746234058414456, -1.0000002724221355, 1.9999999999999996], "('NA', '3', '1001')": [0, 0, 0, 0], "('NA', '3', '1010')": [0, 0, 0, 0], "('NA', '3', '1011')": [0, 0, 0, 0], "('NA', '3', '1100')": [-0.7, 0, 0, 0], "('NA', '3', '1101')": [0, 0, 0, 0], "('NA', '3', '1110')": [0, 0, 0, 0], "('NA', '3', '1111')": [0, 0, 0, 0], "('NA', 'NA', '0000')": [0, 0, 0, 0], "('NA', 'NA', '0001')": [0, 0, 0, 0], "('NA', 'NA', '0010')": [0, 0, 0, 0], "('NA', 'NA', '0011')": [0, 0, 0, 0], "('NA', 'NA', '0100')": [0, 0, 0, 0], "('NA', 'NA', '0101')": [0, 0, 0, 0], "('NA', 'NA', '0110')": [0, 0, 0, 0], "('NA', 'NA', '0111')": [0, 0, 0, 0], "('NA', 'NA', '1000')": [0, 0, 0, 0], "('NA', 'NA', '1001')": [0, 0, 0, 0], "('NA', 'NA', '1010')": [0, 0, 0, 0], "('NA', 'NA', '1011')": [0, 0, 0, 0], "('NA', 'NA', '1100')": [0, 0, 0, 0], "('NA', 'NA', '1101')": [0, 0, 0, 0], "('NA', 'NA', '1110')": [0, 0, 0, 0], "('NA', 'NA', '1111')": [0, 0, 0, 0]}